USE `cinema`;

SET FOREIGN_KEY_CHECKS = 0;

DROP TABLE IF EXISTS `screening_room`;

CREATE TABLE `screening_room` (
                                  `id` INT NOT NULL AUTO_INCREMENT,
                                  `number` VARCHAR(10),
                                  `capacity` INT,
                                  PRIMARY KEY (`id`)
) ENGINE=InnoDB AUTO_INCREMENT=1 DEFAULT CHARSET=utf8mb4 COLLATE=utf8mb4_unicode_ci;

INSERT INTO `screening_room` (`number`, `capacity`) VALUES
                                                        ('1', '20'),
                                                        ('2', '20'),
                                                        ('3', '20'),
                                                        ('4', '20'),
                                                        ('5', '20');


DROP TABLE IF EXISTS `seat`;

CREATE TABLE `seat` (
                        `id` INT NOT NULL AUTO_INCREMENT,
                        `seat_number` VARCHAR(255),
                        `screening_room` INT,
                        PRIMARY KEY (`id`),
                        KEY `FK_SCREENING_ROOM_SEAT_idx` (`screening_room`),
                        CONSTRAINT `FK_SCREENING_ROOM_SEAT` FOREIGN KEY (`screening_room`) REFERENCES `screening_room` (`id`) ON DELETE NO ACTION ON UPDATE NO ACTION
) ENGINE=InnoDB AUTO_INCREMENT=1 DEFAULT CHARSET=utf8mb4 COLLATE=utf8mb4_unicode_ci;

INSERT INTO `seat` (`seat_number`, `screening_room`) VALUES
    (1, 1), (2, 1), (3, 1), (4, 1), (5, 1), (6, 1), (7, 1), (8, 1), (9, 1), (10, 1), (11, 1), (12, 1), (13, 1), (14, 1), (15, 1), (16, 1), (17, 1), (18, 1), (19, 1), (20, 1),
    (1, 2), (2, 2), (3, 2), (4, 2), (5, 2), (6, 2), (7, 2), (8, 2), (9, 2), (10, 2), (11, 2), (12, 2), (13, 2), (14, 2), (15, 2), (16, 2), (17, 2), (18, 2), (19, 2), (20, 2),
    (1, 3), (2, 3), (3, 3), (4, 3), (5, 3), (6, 3), (7, 3), (8, 3), (9, 3), (10, 3), (11, 3), (12, 3), (13, 3), (14, 3), (15, 3), (16, 3), (17, 3), (18, 3), (19, 3), (20, 3),
    (1, 4), (2, 4), (3, 4), (4, 4), (5, 4), (6, 4), (7, 4), (8, 4), (9, 4), (10, 4), (11, 4), (12, 4), (13, 4), (14, 4), (15, 4), (16, 4), (17, 4), (18, 4), (19, 4), (20, 4),
    (1, 5), (2, 5), (3, 5), (4, 5), (5, 5), (6, 5), (7, 5), (8, 5), (9, 5), (10, 5), (11, 5), (12, 5), (13, 5), (14, 5), (15, 5), (16, 5), (17, 5), (18, 5), (19, 5), (20, 5);

DROP TABLE IF EXISTS `director`;

CREATE TABLE `director` (
                            `id` INT NOT NULL AUTO_INCREMENT,
                            `name` VARCHAR(255),
                            `age` INT,
                            PRIMARY KEY (`id`)
) ENGINE=InnoDB AUTO_INCREMENT=1 DEFAULT CHARSET=utf8mb4 COLLATE=utf8mb4_unicode_ci;

INSERT INTO `director` (`name`, `age`) VALUES
    ('Zack Snyder', 57),
    ('James Wan', 46),
    ('Francis Lawrence', 52),
    ('John Woo', 77),
    ('Simon Cellan Jones', 60),
    ('Paul King', 45),
    ('Emerald Fennell', 38),
    ('Jeff Desom', 39),
    ('Christopher Nolan', 53),
    ('Eli Roth', 51),
    ('Martin Scorsese', 81),
    ('Pierre Morel', 59),
    ('Walt Dohrn', 53),
    ('Sam Fell', 53),
    ('Louis Leterrier', 50),
    ('Nyla Innuksuk', 35),
    ('Gareth Edwards', 48),
    ('Tim Kaiser', 69),
    ('Robert Marianetti', 51),
    ('Magnus Martens', 50);



DROP TABLE IF EXISTS `movie`;

CREATE TABLE `movie` (
                         `id` INT NOT NULL AUTO_INCREMENT,
                         `title` VARCHAR(255),
                         `length` INT CHECK (length > 0 AND length <= 500),
                         `genre` VARCHAR(50),
                         `year` INT,
                         `rating` DOUBLE CHECK (rating > 1 AND rating <= 10),
                         `description` VARCHAR(500) CHECK (LENGTH(description) >= 10 AND LENGTH(description) <= 500),
                         `director` INT,
                         PRIMARY KEY (`id`),
                         CONSTRAINT `movie_genre_enum` CHECK (genre IN ('ACTION', 'COMEDY', 'DRAMA', 'HORROR', 'ROMANCE', 'SCIENCE_FICTION', 'FANTASY', 'ADVENTURE')),
                         KEY `FK_MOVIE_DIRECTOR_idx` (`director`),
                         CONSTRAINT `FK_MOVIE_DIRECTOR` FOREIGN KEY (`director`) REFERENCES `director` (`id`) ON DELETE NO ACTION ON UPDATE NO ACTION
) ENGINE=InnoDB AUTO_INCREMENT=1 DEFAULT CHARSET=utf8mb4 COLLATE=utf8mb4_unicode_ci;

INSERT INTO `movie` (`title`, `length`, `genre`, `year`, `rating`, `director`, `description`) VALUES
    ('Rebel Moon - Part One: A Child of Fire', 134, 'SCIENCE_FICTION', 2222, 6.4, 1, 'When a peaceful colony on the edge of the galaxy finds itself threatened by the armies of the tyrannical Regent Balisarius, they dispatch Kora, a young woman with a mysterious past, to seek out warriors from neighboring planets to help them take a stand.'),
    ('Aquaman and the Lost Kingdom', 124, 'ACTION', 2222, 6.5, 2, 'Black Manta, still driven by the need to avenge his fathers death and wielding the power of the mythic Black Trident, will stop at nothing to take Aquaman down once and for all. To defeat him, Aquaman must turn to his imprisoned brother Orm, the former King of Atlantis, to forge an unlikely alliance in order to save the world from irreversible destruction.'),
    ('The Hunger Games: The Ballad of Songbirds & Snakes', 157, 'ACTION', 2222, 7.2, 3, '64 years before he becomes the tyrannical president of Panem, Coriolanus Snow sees a chance for a change in fortunes when he mentors Lucy Gray Baird, the female tribute from District 12.'),
    ('Silent Night', 104, 'ACTION', 2222, 5.9, 4, 'A tormented father witnesses his young son die when caught in a gangs crossfire on Christmas Eve. While recovering from a wound that costs him his voice, he makes vengeance his lifes mission and embarks on a punishing training regimen in order to avenge his sons death.'),
    ('The Family Plan', 118, 'COMEDY', 2222, 7.4, 5, 'Dan Morgan is many things: a devoted husband, a loving father, a celebrated car salesman. Hes also a former assassin. And when his past catches up to his present, hes forced to take his unsuspecting family on a road trip unlike any other.'),
    ('Wonka', 113, 'FANTASY', 2222, 7.2, 6, 'Willy Wonka – chock-full of ideas and determined to change the world one delectable bite at a time – is proof that the best things in life begin with a dream, and if you’re lucky enough to meet Willy Wonka, anything is possible.'),
    ('Saltburn', 127, 'DRAMA', 2222, 7.1, 7, 'Struggling to find his place at Oxford University, student Oliver Quick finds himself drawn into the world of the charming and aristocratic Felix Catton, who invites him to Saltburn, his eccentric familys sprawling estate, for a summer never to be forgotten.'),
    ('Doors', 81, 'SCIENCE_FICTION', 2222, 5, 8, 'Without warning, millions of mysterious alien “doors” suddenly appear around the globe. In a rush to determine the reason for their arrival, mankind must work together to understand the purpose of these cosmic anomalies.'),
    ('Oppenheimer', 180, 'DRAMA', 2222, 8.1, 9, 'The story of J. Robert Oppenheimers role in the development of the atomic bomb during World War II.'),
    ('Thanksgiving', 107, 'HORROR', 2222, 6.7, 10, 'After a Black Friday riot ends in tragedy, a mysterious Thanksgiving-inspired killer terrorizes Plymouth, Massachusetts - the birthplace of the holiday. Picking off residents one by one, what begins as random revenge killings are soon revealed to be part of a larger, sinister holiday plan.'),
    ('Killers of the Flower Moon', 206, 'DRAMA', 2222, 7.6, 11, 'When oil is discovered in 1920s Oklahoma under Osage Nation land, the Osage people are murdered one by one—until the FBI steps in to unravel the mystery.'),
    ('Freelance', 109, 'ACTION', 2222, 6.5, 12, 'An ex-special forces operative takes a job to provide security for a journalist as she interviews a dictator, but a military coup breaks out in the middle of the interview, they are forced to escape into the jungle where they must survive.'),
    ('Trolls Band Together', 91, 'ADVENTURE', 2222, 7.2, 13, 'When Branchs brother, Floyd, is kidnapped for his musical talents by a pair of nefarious pop-star villains, Branch and Poppy embark on a harrowing and emotional journey to reunite the other brothers and rescue Floyd from a fate even worse than pop-culture obscurity.'),
    ('Chicken Run: Dawn of the Nugget', 101, 'COMEDY', 2222, 7.4, 14, 'A band of fearless chickens flock together to save poultry-kind from an unsettling new threat: a nearby farm thats cooking up something suspicious.'),
    ('Fast X', 141, 'ACTION', 2222, 7.2, 15, 'Over many missions and against impossible odds, Dom Toretto and his family have outsmarted, out-nerved and outdriven every foe in their path. Now, they confront the most lethal opponent theyve ever faced: A terrifying threat emerging from the shadows of the past whos fueled by blood revenge, and who is determined to shatter this family and destroy everything—and everyone—that Dom loves, forever.'),
    ('Slash/Back', 86, 'ADVENTURE', 2222, 6.7, 16, 'In a remote Arctic community, a group of Inuit girls fight off an alien invasion, all while trying to make it to the coolest party in town.'),
    ('The Creator', 133, 'SCIENCE_FICTION', 2222, 7.2, 17, 'Amid a future war between the human race and the forces of artificial intelligence, a hardened ex-special forces agent grieving the disappearance of his wife, is recruited to hunt down and kill the Creator, the elusive architect of advanced AI who has developed a mysterious weapon with the power to end the war—and mankind itself.'),
    ('Skydog', 109, 'ADVENTURE', 2222, 7.3, 18, 'After a high school senior working on his pilot’s license rescues a dog named Oreo, he finds out his mom is a CIA agent who’s been captured. He teams up with Oreo and a new friend to find his mother and uncover double agents inside the CIA.'),
    ('Leo', 106, 'COMEDY', 2222, 7.6, 19, 'Jaded 74-year-old lizard Leo has been stuck in the same Florida classroom for decades with his terrarium-mate turtle. When he learns he only has one year left to live, he plans to escape to experience life on the outside but instead gets caught up in the problems of his anxious students — including an impossibly mean substitute teacher.'),
    ('Theres Something in the Barn', 100, 'COMEDY', 2222, 6.8, 20, 'An American family fulfills their dream of moving back to their roots after inheriting a remote cabin in the mountains of Norway. But theres a surprise waiting for them.');

DROP TABLE IF EXISTS `actor`;

CREATE TABLE `actor` (
                         `id` INT NOT NULL AUTO_INCREMENT,
                         `name` VARCHAR(255),
                         `age` INT,
                         PRIMARY KEY (`id`)
) ENGINE=InnoDB AUTO_INCREMENT=1 DEFAULT CHARSET=utf8mb4 COLLATE=utf8mb4_unicode_ci;

INSERT INTO `actor` (`name`, `age`) VALUES
    ('Sofia Boutella', 41),
    ('Djimon Hounsou', 59),
    ('Ed Skrein ', 40),
    ('Jason Momoa', 44),
    ('Patrick Wilson', 50),
    ('Yahya Abdul-Mateen II', 37),
    ('Tom Blyth', 28),
    ('Rachel Zegler', 22),
    ('Viola Davis', 58),
    ('Joel Kinnaman', 44),
    ('Kid Cudi', 39),
    ('Catalina Sandino Moreno', 42),
    ('Mark Wahlber', 52),
    ('Michelle Lynn Monaghan', 47),
    ('Margaret Denise Quigley', 44),
    ('Timothée Hal Chalamet', 28),
    ('Calah Lane', 14),
    ('Keegan-Michael Key', 52),
    ('Barry Keoghan', 31),
    ('Jacob Elordi', 26),
    ('Rosamund Pike', 44),
    ('Wilson Bethel', 39),
    ('Lina Esco', 38),
    ('Josh Peck', 37),
    ('Cillian Murphy', 47),
    ('Emily Olivia Leah Blunt', 40),
    ('Matt Damon', 53),
    ('Patrick Dempsey', 57),
    ('Addison Rae', 23),
    ('Milo Manheim', 22),
    ('Leonardo DiCaprio', 49),
    ('Robert De Niro', 80),
    ('Lily Gladstone', 37),
    ('John Cena', 46),
    ('Alison Brie ', 41),
    ('Alice Eve', 41),
    ('Anna Kendrick', 38),
    ('Justin Timberlake', 42),
    ('Kenan Thompson', 45),
    ('Thandie Newton', 51),
    ('Zachary Levi Pugh', 43),
    ('Bella Ramsey', 20),
    ('Vin Diesel', 56),
    ('Michelle Rodriguez', 45),
    ('Jason Statham', 52),
    ('Kristian Bruun', 44),
    ('Shaun Benson', 47),
    ('Troy James', 45),
    ('John David Washington', 39),
    ('Madeleine Yuna Voyles', 34),
    ('Gemma Chan ', 41),
    ('Daniel Knudsen', 35),
    ('Vickie Lynn Smith', 32),
    ('Dean Cain', 57),
    ('Adam Sandler', 57),
    ('Bill Burr', 55),
    ('Cecily Strong ', 39),
    ('Martin Starr', 41),
    ('Amrita Acharia', 36),
    ('Kiran Shah', 67);

DROP TABLE IF EXISTS `movie_actor`;

CREATE TABLE `movie_actor` (
                               `movie_id` INT NOT NULL,
                               `actor_id` INT NOT NULL,
                               PRIMARY KEY (`movie_id`, `actor_id`),
                               KEY `FK_MOVIE2_idx` (`movie_id`),
                               CONSTRAINT `FK_MOVIE2_05` FOREIGN KEY (`movie_id`)
                                   REFERENCES `movie` (`id`)
                                   ON DELETE NO ACTION ON UPDATE NO ACTION,
                               CONSTRAINT `FK_ACTOR2` FOREIGN KEY (`actor_id`)
                                   REFERENCES `actor` (`id`)
                                   ON DELETE NO ACTION ON UPDATE NO ACTION
) ENGINE=InnoDB AUTO_INCREMENT=1 DEFAULT CHARSET=utf8mb4 COLLATE=utf8mb4_unicode_ci;

INSERT INTO `movie_actor` (`movie_id`, `actor_id`) VALUES
    (1, 1),
    (1, 2),
    (1, 3),
    (2, 4),
    (2, 5),
    (2, 6),
    (3, 7),
    (3, 8),
    (3, 9),
    (4, 10),
    (4, 11),
    (4, 12),
    (5, 13),
    (5, 14),
    (5, 15),
    (6, 16),
    (6, 17),
    (6, 18),
    (7, 19),
    (7, 20),
    (7, 21),
    (8, 22),
    (8, 23),
    (8, 24),
    (9, 25),
    (9, 26),
    (9, 27),
    (10, 28),
    (10, 29),
    (10, 30),
    (11, 31),
    (11, 32),
    (11, 33),
    (12, 34),
    (12, 35),
    (12, 36),
    (13, 37),
    (13, 38),
    (13, 39),
    (14, 40),
    (14, 41),
    (14, 42),
    (15, 43),
    (15, 44),
    (15, 45),
    (16, 46),
    (16, 47),
    (16, 48),
    (17, 49),
    (17, 50),
    (17, 51),
    (18, 52),
    (18, 53),
    (18, 54),
    (19, 55),
    (19, 56),
    (19, 57),
    (20, 58),
    (20, 59),
    (20, 60);

DROP TABLE IF EXISTS `showing`;

CREATE TABLE `showing` (
                           `id` INT NOT NULL AUTO_INCREMENT,
                           `date` DATE,
                           `time` TIME,
                           `screening_room` INT,
                           `movie` INT,
                           PRIMARY KEY (`id`),
                           KEY `FK_SCREENING_ROOM_SHOWING_idx` (`screening_room`),
                           CONSTRAINT `FK_SCREENING_ROOM_SHOWING` FOREIGN KEY (`screening_room`) REFERENCES `screening_room` (`id`) ON DELETE NO ACTION ON UPDATE NO ACTION,
                           KEY `FK_SCREENING_ROOM_MOVIE_idx` (`movie`),
                           CONSTRAINT `FK_SCREENING_ROOM_MOVIE` FOREIGN KEY (`movie`) REFERENCES `movie` (`id`) ON DELETE NO ACTION ON UPDATE NO ACTION
) ENGINE=InnoDB AUTO_INCREMENT=1 DEFAULT CHARSET=utf8mb4 COLLATE=utf8mb4_unicode_ci;

INSERT INTO `showing` (`date`, `time`, `screening_room`, `movie`) VALUES
                                                                      ('2024-02-01', '12:00:00', 1, 16),
                                                                      ('2024-02-01', '15:20:00', 1, 1),
                                                                      ('2024-02-01', '18:50:00', 1, 19),
                                                                      ('2024-02-01', '21:50:00', 1, 6),
                                                                      ('2024-02-02', '11:30:00', 1, 20),
                                                                      ('2024-02-02', '15:50:00', 1, 10),
                                                                      ('2024-02-02', '20:00:00', 1, 7),
                                                                      ('2024-02-03', '11:40:00', 1, 3),
                                                                      ('2024-02-03', '15:00:00', 1, 5),
                                                                      ('2024-02-03', '18:00:00', 1, 13),
                                                                      ('2024-02-03', '20:10:00', 1, 11),
                                                                      ('2024-02-04', '11:30:00', 1, 13),
                                                                      ('2024-02-04', '15:30:00', 1, 8),
                                                                      ('2024-02-04', '19:30:00', 1, 10),
                                                                      ('2024-02-05', '10:50:00', 1, 2),
                                                                      ('2024-02-05', '13:30:00', 1, 13),
                                                                      ('2024-02-05', '17:00:00', 1, 8),
                                                                      ('2024-02-05', '21:40:00', 1, 14),
                                                                      ('2024-02-06', '11:40:00', 1, 18),
                                                                      ('2024-02-06', '16:10:00', 1, 16),
                                                                      ('2024-02-06', '18:00:00', 1, 8),
                                                                      ('2024-02-06', '21:20:00', 1, 20),
                                                                      ('2024-02-07', '12:30:00', 1, 8),
                                                                      ('2024-02-07', '15:20:00', 1, 4),
                                                                      ('2024-02-07', '17:50:00', 1, 13),
                                                                      ('2024-02-07', '20:50:00', 1, 10),
                                                                      ('2024-02-08', '11:10:00', 1, 10),
                                                                      ('2024-02-08', '15:40:00', 1, 18),
                                                                      ('2024-02-08', '18:00:00', 1, 13),
                                                                      ('2024-02-09', '11:00:00', 1, 4),
                                                                      ('2024-02-09', '14:20:00', 1, 15),
                                                                      ('2024-02-09', '17:30:00', 1, 16),
                                                                      ('2024-02-09', '20:20:00', 1, 9),
                                                                      ('2024-02-10', '10:30:00', 1, 19),
                                                                      ('2024-02-10', '12:50:00', 1, 9),
                                                                      ('2024-02-10', '16:20:00', 1, 16),
                                                                      ('2024-02-10', '20:00:00', 1, 8),
                                                                      ('2024-02-11', '10:10:00', 1, 17),
                                                                      ('2024-02-11', '14:20:00', 1, 10),
                                                                      ('2024-02-11', '17:10:00', 1, 10),
                                                                      ('2024-02-11', '19:30:00', 1, 10),
                                                                      ('2024-02-12', '12:30:00', 1, 7),
                                                                      ('2024-02-12', '15:50:00', 1, 8),
                                                                      ('2024-02-12', '19:30:00', 1, 16),
                                                                      ('2024-02-13', '10:30:00', 1, 20),
                                                                      ('2024-02-13', '13:00:00', 1, 9),
                                                                      ('2024-02-13', '17:50:00', 1, 9),
                                                                      ('2024-02-13', '21:40:00', 1, 19),
                                                                      ('2024-02-14', '11:40:00', 1, 2),
                                                                      ('2024-02-14', '14:20:00', 1, 9),
                                                                      ('2024-02-14', '19:40:00', 1, 1),
                                                                      ('2024-02-15', '11:20:00', 1, 14),
                                                                      ('2024-02-15', '14:50:00', 1, 7),
                                                                      ('2024-02-15', '18:50:00', 1, 15),
                                                                      ('2024-02-16', '11:10:00', 1, 2),
                                                                      ('2024-02-16', '15:10:00', 1, 20),
                                                                      ('2024-02-16', '18:30:00', 1, 8),
                                                                      ('2024-02-16', '20:30:00', 1, 13),
                                                                      ('2024-02-17', '11:50:00', 1, 12),
                                                                      ('2024-02-17', '15:50:00', 1, 10),
                                                                      ('2024-02-17', '18:00:00', 1, 3),
                                                                      ('2024-02-17', '21:20:00', 1, 14),
                                                                      ('2024-02-18', '11:00:00', 1, 1),
                                                                      ('2024-02-18', '13:30:00', 1, 10),
                                                                      ('2024-02-18', '16:10:00', 1, 18),
                                                                      ('2024-02-18', '20:00:00', 1, 12),
                                                                      ('2024-02-19', '12:20:00', 1, 3),
                                                                      ('2024-02-19', '16:00:00', 1, 16),
                                                                      ('2024-02-19', '18:00:00', 1, 18),
                                                                      ('2024-02-19', '22:00:00', 1, 9),
                                                                      ('2024-02-20', '10:40:00', 1, 5),
                                                                      ('2024-02-20', '15:30:00', 1, 11),
                                                                      ('2024-02-20', '20:10:00', 1, 1),
                                                                      ('2024-02-21', '11:10:00', 1, 2),
                                                                      ('2024-02-21', '14:30:00', 1, 7),
                                                                      ('2024-02-21', '21:00:00', 1, 6),
                                                                      ('2024-02-22', '11:30:00', 1, 12),
                                                                      ('2024-02-22', '14:10:00', 1, 6),
                                                                      ('2024-02-22', '17:10:00', 1, 19),
                                                                      ('2024-02-22', '19:50:00', 1, 5),
                                                                      ('2024-02-23', '11:10:00', 1, 15),
                                                                      ('2024-02-23', '15:40:00', 1, 9),
                                                                      ('2024-02-23', '20:50:00', 1, 11),
                                                                      ('2024-02-24', '11:30:00', 1, 18),
                                                                      ('2024-02-24', '16:50:00', 1, 7),
                                                                      ('2024-02-24', '20:00:00', 1, 16),
                                                                      ('2024-02-25', '10:00:00', 1, 17),
                                                                      ('2024-02-25', '12:50:00', 1, 17),
                                                                      ('2024-02-25', '17:40:00', 1, 3),
                                                                      ('2024-02-25', '20:50:00', 1, 8),
                                                                      ('2024-02-26', '14:20:00', 1, 8),
                                                                      ('2024-02-26', '16:30:00', 1, 5),
                                                                      ('2024-02-26', '20:30:00', 1, 18),
                                                                      ('2024-02-27', '13:10:00', 1, 7),
                                                                      ('2024-02-27', '16:00:00', 1, 15),
                                                                      ('2024-02-27', '19:00:00', 1, 20),
                                                                      ('2024-02-27', '21:00:00', 1, 7),
                                                                      ('2024-02-28', '11:10:00', 1, 16),
                                                                      ('2024-02-28', '14:00:00', 1, 6),
                                                                      ('2024-02-28', '18:30:00', 1, 16),
                                                                      ('2024-02-01', '10:50:00', 2, 3),
                                                                      ('2024-02-01', '14:10:00', 2, 3),
                                                                      ('2024-02-01', '18:10:00', 2, 18),
                                                                      ('2024-02-01', '21:30:00', 2, 17),
                                                                      ('2024-02-02', '10:20:00', 2, 20),
                                                                      ('2024-02-02', '17:20:00', 2, 4),
                                                                      ('2024-02-02', '20:10:00', 2, 11),
                                                                      ('2024-02-03', '12:20:00', 2, 19),
                                                                      ('2024-02-03', '14:40:00', 2, 19),
                                                                      ('2024-02-03', '17:40:00', 2, 7),
                                                                      ('2024-02-04', '12:30:00', 2, 4),
                                                                      ('2024-02-04', '16:00:00', 2, 6),
                                                                      ('2024-02-04', '18:10:00', 2, 12),
                                                                      ('2024-02-04', '21:00:00', 2, 3),
                                                                      ('2024-02-05', '10:10:00', 2, 3),
                                                                      ('2024-02-05', '14:00:00', 2, 15),
                                                                      ('2024-02-05', '17:10:00', 2, 12),
                                                                      ('2024-02-05', '19:20:00', 2, 20),
                                                                      ('2024-02-05', '21:30:00', 2, 4),
                                                                      ('2024-02-06', '10:50:00', 2, 15),
                                                                      ('2024-02-06', '14:10:00', 2, 11),
                                                                      ('2024-02-06', '20:00:00', 2, 9),
                                                                      ('2024-02-07', '10:10:00', 2, 17),
                                                                      ('2024-02-07', '14:10:00', 2, 18),
                                                                      ('2024-02-07', '16:50:00', 2, 2),
                                                                      ('2024-02-07', '19:40:00', 2, 17),
                                                                      ('2024-02-08', '10:10:00', 2, 2),
                                                                      ('2024-02-08', '13:30:00', 2, 5),
                                                                      ('2024-02-08', '15:50:00', 2, 12),
                                                                      ('2024-02-08', '19:20:00', 2, 12),
                                                                      ('2024-02-09', '10:00:00', 2, 4),
                                                                      ('2024-02-09', '16:40:00', 2, 5),
                                                                      ('2024-02-09', '19:10:00', 2, 14),
                                                                      ('2024-02-09', '21:10:00', 2, 12),
                                                                      ('2024-02-10', '12:20:00', 2, 19),
                                                                      ('2024-02-10', '16:30:00', 2, 17),
                                                                      ('2024-02-10', '20:10:00', 2, 3),
                                                                      ('2024-02-11', '14:30:00', 2, 18),
                                                                      ('2024-02-11', '18:40:00', 2, 13),
                                                                      ('2024-02-12', '11:20:00', 2, 5),
                                                                      ('2024-02-12', '14:00:00', 2, 20),
                                                                      ('2024-02-12', '17:30:00', 2, 15),
                                                                      ('2024-02-12', '20:20:00', 2, 13),
                                                                      ('2024-02-13', '11:50:00', 2, 8),
                                                                      ('2024-02-13', '16:40:00', 2, 4),
                                                                      ('2024-02-13', '20:30:00', 2, 6),
                                                                      ('2024-02-14', '10:40:00', 2, 6),
                                                                      ('2024-02-14', '13:00:00', 2, 14),
                                                                      ('2024-02-14', '16:00:00', 2, 14),
                                                                      ('2024-02-14', '20:40:00', 2, 1),
                                                                      ('2024-02-15', '12:10:00', 2, 3),
                                                                      ('2024-02-15', '15:20:00', 2, 20),
                                                                      ('2024-02-15', '17:20:00', 2, 18),
                                                                      ('2024-02-15', '21:20:00', 2, 11),
                                                                      ('2024-02-16', '10:50:00', 2, 17),
                                                                      ('2024-02-16', '13:30:00', 2, 7),
                                                                      ('2024-02-16', '18:50:00', 2, 15),
                                                                      ('2024-02-16', '21:50:00', 2, 1),
                                                                      ('2024-02-17', '10:20:00', 2, 17),
                                                                      ('2024-02-17', '13:30:00', 2, 13),
                                                                      ('2024-02-17', '16:00:00', 2, 2),
                                                                      ('2024-02-17', '20:40:00', 2, 3),
                                                                      ('2024-02-18', '10:20:00', 2, 19),
                                                                      ('2024-02-18', '12:50:00', 2, 7),
                                                                      ('2024-02-18', '15:50:00', 2, 20),
                                                                      ('2024-02-18', '20:00:00', 2, 7),
                                                                      ('2024-02-19', '11:10:00', 2, 12),
                                                                      ('2024-02-19', '17:30:00', 2, 2),
                                                                      ('2024-02-19', '21:00:00', 2, 7),
                                                                      ('2024-02-20', '12:20:00', 2, 9),
                                                                      ('2024-02-20', '16:20:00', 2, 10),
                                                                      ('2024-02-20', '20:40:00', 2, 3),
                                                                      ('2024-02-21', '10:20:00', 2, 1),
                                                                      ('2024-02-21', '14:20:00', 2, 18),
                                                                      ('2024-02-21', '16:40:00', 2, 8),
                                                                      ('2024-02-21', '18:40:00', 2, 1),
                                                                      ('2024-02-21', '21:10:00', 2, 4),
                                                                      ('2024-02-22', '12:50:00', 2, 9),
                                                                      ('2024-02-22', '16:10:00', 2, 2),
                                                                      ('2024-02-22', '18:50:00', 2, 2),
                                                                      ('2024-02-22', '21:50:00', 2, 19),
                                                                      ('2024-02-23', '11:00:00', 2, 4),
                                                                      ('2024-02-23', '15:20:00', 2, 6),
                                                                      ('2024-02-23', '20:40:00', 2, 14),
                                                                      ('2024-02-24', '11:20:00', 2, 20),
                                                                      ('2024-02-24', '13:20:00', 2, 11),
                                                                      ('2024-02-24', '17:40:00', 2, 1),
                                                                      ('2024-02-24', '21:00:00', 2, 2),
                                                                      ('2024-02-25', '11:50:00', 2, 13),
                                                                      ('2024-02-25', '13:40:00', 2, 1),
                                                                      ('2024-02-25', '17:30:00', 2, 1),
                                                                      ('2024-02-25', '21:30:00', 2, 5),
                                                                      ('2024-02-26', '11:30:00', 2, 17),
                                                                      ('2024-02-26', '14:20:00', 2, 4),
                                                                      ('2024-02-26', '20:30:00', 2, 9),
                                                                      ('2024-02-27', '10:00:00', 2, 17),
                                                                      ('2024-02-27', '13:10:00', 2, 3),
                                                                      ('2024-02-27', '16:20:00', 2, 13),
                                                                      ('2024-02-27', '20:10:00', 2, 1),
                                                                      ('2024-02-28', '10:10:00', 2, 3),
                                                                      ('2024-02-28', '15:20:00', 2, 10),
                                                                      ('2024-02-28', '17:40:00', 2, 6),
                                                                      ('2024-02-28', '21:50:00', 2, 7),
                                                                      ('2024-02-01', '10:50:00', 3, 17),
                                                                      ('2024-02-01', '14:20:00', 3, 9),
                                                                      ('2024-02-01', '19:00:00', 3, 5),
                                                                      ('2024-02-02', '10:40:00', 3, 20),
                                                                      ('2024-02-02', '13:00:00', 3, 7),
                                                                      ('2024-02-02', '19:10:00', 3, 7),
                                                                      ('2024-02-02', '21:40:00', 3, 20),
                                                                      ('2024-02-03', '11:10:00', 3, 16),
                                                                      ('2024-02-03', '17:20:00', 3, 7),
                                                                      ('2024-02-03', '20:10:00', 3, 15),
                                                                      ('2024-02-04', '12:10:00', 3, 18),
                                                                      ('2024-02-04', '16:40:00', 3, 15),
                                                                      ('2024-02-04', '20:50:00', 3, 10),
                                                                      ('2024-02-05', '10:40:00', 3, 20),
                                                                      ('2024-02-05', '15:00:00', 3, 6),
                                                                      ('2024-02-05', '18:40:00', 3, 15),
                                                                      ('2024-02-05', '21:20:00', 3, 2),
                                                                      ('2024-02-06', '10:40:00', 3, 13),
                                                                      ('2024-02-06', '15:40:00', 3, 19),
                                                                      ('2024-02-06', '19:20:00', 3, 9),
                                                                      ('2024-02-07', '10:00:00', 3, 18),
                                                                      ('2024-02-07', '13:50:00', 3, 4),
                                                                      ('2024-02-07', '17:40:00', 3, 11),
                                                                      ('2024-02-08', '11:10:00', 3, 19),
                                                                      ('2024-02-08', '14:20:00', 3, 2),
                                                                      ('2024-02-08', '18:00:00', 3, 13),
                                                                      ('2024-02-08', '20:00:00', 3, 6),
                                                                      ('2024-02-09', '12:10:00', 3, 4),
                                                                      ('2024-02-09', '15:20:00', 3, 16),
                                                                      ('2024-02-09', '19:20:00', 3, 11),
                                                                      ('2024-02-10', '10:00:00', 3, 5),
                                                                      ('2024-02-10', '14:00:00', 3, 1),
                                                                      ('2024-02-10', '18:20:00', 3, 5),
                                                                      ('2024-02-10', '20:40:00', 3, 14),
                                                                      ('2024-02-11', '10:50:00', 3, 13),
                                                                      ('2024-02-11', '15:00:00', 3, 12),
                                                                      ('2024-02-11', '21:30:00', 3, 12),
                                                                      ('2024-02-12', '12:30:00', 3, 8),
                                                                      ('2024-02-12', '15:40:00', 3, 16),
                                                                      ('2024-02-12', '20:00:00', 3, 5),
                                                                      ('2024-02-13', '10:10:00', 3, 12),
                                                                      ('2024-02-13', '14:40:00', 3, 8),
                                                                      ('2024-02-13', '18:30:00', 3, 17),
                                                                      ('2024-02-14', '10:20:00', 3, 10),
                                                                      ('2024-02-14', '15:00:00', 3, 10),
                                                                      ('2024-02-14', '17:10:00', 3, 17),
                                                                      ('2024-02-14', '21:00:00', 3, 15),
                                                                      ('2024-02-15', '13:00:00', 3, 13),
                                                                      ('2024-02-15', '16:50:00', 3, 16),
                                                                      ('2024-02-15', '19:40:00', 3, 2),
                                                                      ('2024-02-16', '11:00:00', 3, 11),
                                                                      ('2024-02-16', '16:40:00', 3, 14),
                                                                      ('2024-02-16', '19:00:00', 3, 6),
                                                                      ('2024-02-16', '21:30:00', 3, 19),
                                                                      ('2024-02-17', '13:20:00', 3, 5),
                                                                      ('2024-02-17', '18:20:00', 3, 7),
                                                                      ('2024-02-17', '21:50:00', 3, 5),
                                                                      ('2024-02-18', '13:40:00', 3, 1),
                                                                      ('2024-02-18', '16:10:00', 3, 19),
                                                                      ('2024-02-18', '20:00:00', 3, 11),
                                                                      ('2024-02-19', '11:20:00', 3, 8),
                                                                      ('2024-02-19', '14:30:00', 3, 12),
                                                                      ('2024-02-19', '17:10:00', 3, 14),
                                                                      ('2024-02-19', '20:40:00', 3, 15),
                                                                      ('2024-02-20', '13:10:00', 3, 7),
                                                                      ('2024-02-20', '15:50:00', 3, 14),
                                                                      ('2024-02-20', '18:40:00', 3, 17),
                                                                      ('2024-02-20', '21:20:00', 3, 11),
                                                                      ('2024-02-21', '10:40:00', 3, 14),
                                                                      ('2024-02-21', '14:10:00', 3, 18),
                                                                      ('2024-02-21', '17:10:00', 3, 6),
                                                                      ('2024-02-21', '21:20:00', 3, 4),
                                                                      ('2024-02-22', '10:10:00', 3, 18),
                                                                      ('2024-02-22', '13:10:00', 3, 11),
                                                                      ('2024-02-22', '20:50:00', 3, 9),
                                                                      ('2024-02-23', '11:10:00', 3, 1),
                                                                      ('2024-02-23', '16:10:00', 3, 5),
                                                                      ('2024-02-23', '19:40:00', 3, 2),
                                                                      ('2024-02-24', '10:30:00', 3, 11),
                                                                      ('2024-02-24', '14:40:00', 3, 1),
                                                                      ('2024-02-24', '18:00:00', 3, 20),
                                                                      ('2024-02-24', '20:20:00', 3, 11),
                                                                      ('2024-02-25', '15:10:00', 3, 1),
                                                                      ('2024-02-25', '18:30:00', 3, 13),
                                                                      ('2024-02-25', '20:20:00', 3, 9),
                                                                      ('2024-02-26', '10:20:00', 3, 15),
                                                                      ('2024-02-26', '13:40:00', 3, 12),
                                                                      ('2024-02-26', '16:40:00', 3, 18),
                                                                      ('2024-02-26', '19:20:00', 3, 5),
                                                                      ('2024-02-27', '11:30:00', 3, 13),
                                                                      ('2024-02-27', '14:10:00', 3, 15),
                                                                      ('2024-02-27', '18:40:00', 3, 9),
                                                                      ('2024-02-28', '10:50:00', 3, 16),
                                                                      ('2024-02-28', '13:40:00', 3, 13),
                                                                      ('2024-02-28', '16:10:00', 3, 6),
                                                                      ('2024-02-28', '20:10:00', 3, 4),
                                                                      ('2024-02-01', '10:20:00', 4, 17),
                                                                      ('2024-02-01', '12:50:00', 4, 4),
                                                                      ('2024-02-01', '15:00:00', 4, 3),
                                                                      ('2024-02-02', '11:40:00', 4, 1),
                                                                      ('2024-02-02', '14:30:00', 4, 20),
                                                                      ('2024-02-02', '17:30:00', 4, 3),
                                                                      ('2024-02-02', '21:10:00', 4, 18),
                                                                      ('2024-02-03', '11:20:00', 4, 11),
                                                                      ('2024-02-03', '16:10:00', 4, 16),
                                                                      ('2024-02-03', '18:40:00', 4, 3),
                                                                      ('2024-02-04', '11:20:00', 4, 6),
                                                                      ('2024-02-04', '14:10:00', 4, 2),
                                                                      ('2024-02-04', '17:10:00', 4, 20),
                                                                      ('2024-02-04', '20:20:00', 4, 3),
                                                                      ('2024-02-05', '10:50:00', 4, 9),
                                                                      ('2024-02-05', '15:50:00', 4, 4),
                                                                      ('2024-02-05', '18:20:00', 4, 5),
                                                                      ('2024-02-05', '21:40:00', 4, 17),
                                                                      ('2024-02-06', '11:10:00', 4, 3),
                                                                      ('2024-02-06', '14:10:00', 4, 15),
                                                                      ('2024-02-06', '17:00:00', 4, 4),
                                                                      ('2024-02-06', '20:20:00', 4, 12),
                                                                      ('2024-02-07', '10:10:00', 4, 14),
                                                                      ('2024-02-07', '12:50:00', 4, 7),
                                                                      ('2024-02-07', '15:30:00', 4, 20),
                                                                      ('2024-02-07', '18:30:00', 4, 4),
                                                                      ('2024-02-07', '20:50:00', 4, 20),
                                                                      ('2024-02-08', '11:00:00', 4, 15),
                                                                      ('2024-02-08', '14:30:00', 4, 3),
                                                                      ('2024-02-08', '17:40:00', 4, 18),
                                                                      ('2024-02-08', '20:10:00', 4, 16),
                                                                      ('2024-02-08', '22:00:00', 4, 19),
                                                                      ('2024-02-09', '13:30:00', 4, 19),
                                                                      ('2024-02-09', '17:50:00', 4, 17),
                                                                      ('2024-02-09', '20:20:00', 4, 14),
                                                                      ('2024-02-10', '10:10:00', 4, 13),
                                                                      ('2024-02-10', '12:00:00', 4, 6),
                                                                      ('2024-02-10', '15:40:00', 4, 9),
                                                                      ('2024-02-10', '19:40:00', 4, 2),
                                                                      ('2024-02-11', '11:00:00', 4, 15),
                                                                      ('2024-02-11', '13:40:00', 4, 20),
                                                                      ('2024-02-11', '15:40:00', 4, 14),
                                                                      ('2024-02-11', '18:00:00', 4, 20),
                                                                      ('2024-02-11', '21:40:00', 4, 11),
                                                                      ('2024-02-12', '13:10:00', 4, 2),
                                                                      ('2024-02-12', '16:20:00', 4, 17),
                                                                      ('2024-02-12', '20:00:00', 4, 6),
                                                                      ('2024-02-13', '12:00:00', 4, 4),
                                                                      ('2024-02-13', '14:20:00', 4, 14),
                                                                      ('2024-02-13', '18:00:00', 4, 12),
                                                                      ('2024-02-14', '11:20:00', 4, 6),
                                                                      ('2024-02-14', '16:20:00', 4, 8),
                                                                      ('2024-02-14', '18:40:00', 4, 10),
                                                                      ('2024-02-14', '22:00:00', 4, 19),
                                                                      ('2024-02-15', '11:00:00', 4, 6),
                                                                      ('2024-02-15', '15:50:00', 4, 10),
                                                                      ('2024-02-15', '18:10:00', 4, 16),
                                                                      ('2024-02-15', '20:30:00', 4, 16),
                                                                      ('2024-02-16', '11:20:00', 4, 10),
                                                                      ('2024-02-16', '14:20:00', 4, 1),
                                                                      ('2024-02-16', '19:10:00', 4, 18),
                                                                      ('2024-02-16', '21:30:00', 4, 9),
                                                                      ('2024-02-17', '13:20:00', 4, 17),
                                                                      ('2024-02-17', '15:50:00', 4, 13),
                                                                      ('2024-02-18', '12:30:00', 4, 17),
                                                                      ('2024-02-18', '16:20:00', 4, 5),
                                                                      ('2024-02-18', '21:00:00', 4, 20),
                                                                      ('2024-02-19', '10:10:00', 4, 11),
                                                                      ('2024-02-19', '14:20:00', 4, 2),
                                                                      ('2024-02-19', '18:10:00', 4, 12),
                                                                      ('2024-02-20', '10:00:00', 4, 16),
                                                                      ('2024-02-20', '13:20:00', 4, 13),
                                                                      ('2024-02-20', '17:00:00', 4, 1),
                                                                      ('2024-02-20', '20:00:00', 4, 12),
                                                                      ('2024-02-21', '11:00:00', 4, 7),
                                                                      ('2024-02-21', '14:50:00', 4, 4),
                                                                      ('2024-02-21', '17:30:00', 4, 5),
                                                                      ('2024-02-22', '15:00:00', 4, 9),
                                                                      ('2024-02-22', '19:40:00', 4, 7),
                                                                      ('2024-02-23', '11:30:00', 4, 15),
                                                                      ('2024-02-23', '15:00:00', 4, 4),
                                                                      ('2024-02-23', '18:10:00', 4, 3),
                                                                      ('2024-02-23', '21:10:00', 4, 12),
                                                                      ('2024-02-24', '10:00:00', 4, 12),
                                                                      ('2024-02-24', '13:30:00', 4, 19),
                                                                      ('2024-02-24', '16:20:00', 4, 7),
                                                                      ('2024-02-24', '20:40:00', 4, 12),
                                                                      ('2024-02-25', '11:50:00', 4, 16),
                                                                      ('2024-02-25', '15:00:00', 4, 6),
                                                                      ('2024-02-25', '18:30:00', 4, 2),
                                                                      ('2024-02-25', '20:50:00', 4, 19),
                                                                      ('2024-02-26', '10:40:00', 4, 2),
                                                                      ('2024-02-26', '14:30:00', 4, 9),
                                                                      ('2024-02-26', '19:50:00', 4, 19),
                                                                      ('2024-02-27', '10:20:00', 4, 19),
                                                                      ('2024-02-27', '16:00:00', 4, 10),
                                                                      ('2024-02-27', '19:20:00', 4, 9),
                                                                      ('2024-02-28', '10:40:00', 4, 1),
                                                                      ('2024-02-28', '13:20:00', 4, 9),
                                                                      ('2024-02-28', '18:10:00', 4, 14),
                                                                      ('2024-02-28', '21:00:00', 4, 3),
                                                                      ('2024-02-01', '11:40:00', 5, 20),
                                                                      ('2024-02-01', '14:40:00', 5, 20),
                                                                      ('2024-02-01', '17:10:00', 5, 8),
                                                                      ('2024-02-01', '20:50:00', 5, 6),
                                                                      ('2024-02-02', '12:00:00', 5, 15),
                                                                      ('2024-02-02', '14:50:00', 5, 19),
                                                                      ('2024-02-02', '18:20:00', 5, 8),
                                                                      ('2024-02-03', '12:10:00', 5, 13),
                                                                      ('2024-02-03', '15:20:00', 5, 12),
                                                                      ('2024-02-03', '19:50:00', 5, 12),
                                                                      ('2024-02-04', '11:10:00', 5, 11),
                                                                      ('2024-02-04', '15:20:00', 5, 10),
                                                                      ('2024-02-04', '19:20:00', 5, 10),
                                                                      ('2024-02-04', '21:50:00', 5, 19),
                                                                      ('2024-02-05', '12:40:00', 5, 10),
                                                                      ('2024-02-05', '16:10:00', 5, 15),
                                                                      ('2024-02-05', '20:50:00', 5, 6),
                                                                      ('2024-02-06', '12:40:00', 5, 18),
                                                                      ('2024-02-06', '15:40:00', 5, 10),
                                                                      ('2024-02-06', '18:50:00', 5, 5),
                                                                      ('2024-02-07', '11:00:00', 5, 2),
                                                                      ('2024-02-07', '14:20:00', 5, 14),
                                                                      ('2024-02-07', '16:20:00', 5, 15),
                                                                      ('2024-02-07', '21:10:00', 5, 8),
                                                                      ('2024-02-08', '13:40:00', 5, 10),
                                                                      ('2024-02-08', '16:10:00', 5, 3),
                                                                      ('2024-02-08', '19:40:00', 5, 8),
                                                                      ('2024-02-08', '21:20:00', 5, 14),
                                                                      ('2024-02-09', '14:30:00', 5, 1),
                                                                      ('2024-02-09', '17:40:00', 5, 4),
                                                                      ('2024-02-09', '21:20:00', 5, 3),
                                                                      ('2024-02-10', '11:20:00', 5, 19),
                                                                      ('2024-02-10', '13:40:00', 5, 8),
                                                                      ('2024-02-10', '17:10:00', 5, 14),
                                                                      ('2024-02-10', '19:40:00', 5, 5),
                                                                      ('2024-02-11', '13:10:00', 5, 9),
                                                                      ('2024-02-11', '16:40:00', 5, 20),
                                                                      ('2024-02-11', '20:00:00', 5, 8),
                                                                      ('2024-02-12', '11:10:00', 5, 6),
                                                                      ('2024-02-12', '13:50:00', 5, 16),
                                                                      ('2024-02-12', '16:50:00', 5, 4),
                                                                      ('2024-02-12', '20:10:00', 5, 11),
                                                                      ('2024-02-13', '11:30:00', 5, 19),
                                                                      ('2024-02-13', '14:30:00', 5, 19),
                                                                      ('2024-02-13', '18:50:00', 5, 16),
                                                                      ('2024-02-13', '21:10:00', 5, 14),
                                                                      ('2024-02-14', '12:00:00', 5, 18),
                                                                      ('2024-02-14', '21:20:00', 5, 7),
                                                                      ('2024-02-15', '13:40:00', 5, 13),
                                                                      ('2024-02-15', '16:10:00', 5, 8),
                                                                      ('2024-02-15', '18:00:00', 5, 18),
                                                                      ('2024-02-15', '21:00:00', 5, 17),
                                                                      ('2024-02-16', '10:40:00', 5, 2),
                                                                      ('2024-02-16', '13:40:00', 5, 15),
                                                                      ('2024-02-16', '17:20:00', 5, 1),
                                                                      ('2024-02-16', '21:20:00', 5, 5),
                                                                      ('2024-02-17', '12:40:00', 5, 8),
                                                                      ('2024-02-17', '16:00:00', 5, 4),
                                                                      ('2024-02-17', '18:00:00', 5, 5),
                                                                      ('2024-02-17', '21:00:00', 5, 11),
                                                                      ('2024-02-18', '11:00:00', 5, 16),
                                                                      ('2024-02-18', '14:30:00', 5, 5),
                                                                      ('2024-02-18', '17:50:00', 5, 13),
                                                                      ('2024-02-18', '21:40:00', 5, 8),
                                                                      ('2024-02-19', '10:00:00', 5, 14),
                                                                      ('2024-02-19', '13:00:00', 5, 11),
                                                                      ('2024-02-19', '18:40:00', 5, 13),
                                                                      ('2024-02-19', '20:40:00', 5, 18),
                                                                      ('2024-02-20', '10:00:00', 5, 17),
                                                                      ('2024-02-20', '14:30:00', 5, 12),
                                                                      ('2024-02-20', '18:40:00', 5, 14),
                                                                      ('2024-02-20', '20:50:00', 5, 9),
                                                                      ('2024-02-21', '12:30:00', 5, 1),
                                                                      ('2024-02-21', '16:40:00', 5, 6),
                                                                      ('2024-02-22', '15:20:00', 5, 11),
                                                                      ('2024-02-22', '21:30:00', 5, 2),
                                                                      ('2024-02-23', '11:30:00', 5, 12),
                                                                      ('2024-02-23', '13:40:00', 5, 4),
                                                                      ('2024-02-23', '16:40:00', 5, 17),
                                                                      ('2024-02-23', '19:40:00', 5, 7),
                                                                      ('2024-02-24', '10:10:00', 5, 2),
                                                                      ('2024-02-24', '15:40:00', 5, 8),
                                                                      ('2024-02-24', '19:50:00', 5, 15),
                                                                      ('2024-02-25', '10:40:00', 5, 16),
                                                                      ('2024-02-25', '13:10:00', 5, 3),
                                                                      ('2024-02-25', '16:30:00', 5, 10),
                                                                      ('2024-02-25', '19:10:00', 5, 1),
                                                                      ('2024-02-25', '21:40:00', 5, 10),
                                                                      ('2024-02-26', '10:30:00', 5, 11),
                                                                      ('2024-02-26', '14:20:00', 5, 14),
                                                                      ('2024-02-26', '17:40:00', 5, 18),
                                                                      ('2024-02-26', '20:00:00', 5, 18),
                                                                      ('2024-02-27', '11:10:00', 5, 7),
                                                                      ('2024-02-27', '14:30:00', 5, 15),
                                                                      ('2024-02-27', '18:10:00', 5, 16),
                                                                      ('2024-02-27', '20:00:00', 5, 5),
                                                                      ('2024-02-28', '11:40:00', 5, 11),
                                                                      ('2024-02-28', '17:00:00', 5, 17),
                                                                      ('2024-02-28', '19:30:00', 5, 6);

DROP TABLE IF EXISTS `reservation`;

CREATE TABLE `reservation` (
                               `id` INT NOT NULL AUTO_INCREMENT,
                               `showing` INT,
                               `user` INT,
                               PRIMARY KEY (`id`),
                               KEY `FK_RESERVATION_SHOWING_idx` (`showing`),
                               CONSTRAINT `FK_RESERVATION_SHOWING` FOREIGN KEY (`showing`) REFERENCES `showing` (`id`) ON DELETE NO ACTION ON UPDATE NO ACTION,
                               KEY `FK_USER_RESERVATION_idx` (`user`),
                               CONSTRAINT `FK_USER_RESERVATION` FOREIGN KEY (`user`) REFERENCES `user` (`id`) ON DELETE NO ACTION ON UPDATE NO ACTION
) ENGINE=InnoDB AUTO_INCREMENT=1 DEFAULT CHARSET=utf8mb4 COLLATE=utf8mb4_unicode_ci;

DROP TABLE IF EXISTS `reservation_seat`;

CREATE TABLE `reservation_seat` (
                                    `id` INT NOT NULL AUTO_INCREMENT,
                                    `reservation` INT,
                                    `seat` INT,
                                    PRIMARY KEY (`id`),
                                    KEY `FK_RESERVATION_SEAT_RESERVATION_idx` (`reservation`),
                                    CONSTRAINT `FK_RESERVATION_SEAT_RESERVATION` FOREIGN KEY (`reservation`) REFERENCES `reservation` (`id`) ON DELETE NO ACTION ON UPDATE NO ACTION,
                                    KEY `FK_RESERVATION_SEAT_SEAT_idx` (`seat`),
                                    CONSTRAINT `FK_RESERVATION_SEAT_SEAT` FOREIGN KEY (`seat`) REFERENCES `seat` (`id`) ON DELETE NO ACTION ON UPDATE NO ACTION
) ENGINE=InnoDB AUTO_INCREMENT=1 DEFAULT CHARSET=utf8mb4 COLLATE=utf8mb4_unicode_ci;

DROP TABLE IF EXISTS `movie_photo`;

CREATE TABLE `movie_photo` (
                               `id` INT NOT NULL AUTO_INCREMENT,
                               `url` VARCHAR(512),
                               `movie` INT,
                               PRIMARY KEY (`id`),
                               KEY `FK_MOVIE_PHOTO_idx` (`movie`),
                               CONSTRAINT `FK_MOVIE_PHOTO` FOREIGN KEY (`movie`) REFERENCES `movie` (`id`) ON DELETE NO ACTION ON UPDATE NO ACTION
) ENGINE=InnoDB AUTO_INCREMENT=1 DEFAULT CHARSET=utf8mb4 COLLATE=utf8mb4_unicode_ci;

INSERT INTO `movie_photo` (`url`, `movie`) VALUES
    ('https://image.tmdb.org/t/p/original/6epeijccmJlnfvFitfGyfT7njav.jpg', 1), 
    ('https://image.tmdb.org/t/p/original/sRLC052ieEzkQs9dEtPMfFxYkej.jpg', 1), 
    ('https://image.tmdb.org/t/p/original/8xV47NDrjdZDpkVcCFqkdHa3T0C.jpg', 2), 
    ('https://image.tmdb.org/t/p/original/jXJxMcVoEuXzym3vFnjqDW4ifo6.jpg', 2), 
    ('https://image.tmdb.org/t/p/original/mBaXZ95R2OxueZhvQbcEWy2DqyO.jpg', 3), 
    ('https://image.tmdb.org/t/p/original/5a4JdoFwll5DRtKMe7JLuGQ9yJm.jpg', 3), 
    ('https://image.tmdb.org/t/p/original/tlcuhdNMKNGEVpGqBZrAaOOf1A6.jpg', 4), 
    ('https://image.tmdb.org/t/p/original/gg4zZoTggZmpAQ32qIrP5dtnkEZ.jpg', 4), 
    ('https://image.tmdb.org/t/p/original/jLLtx3nTRSLGPAKl4RoIv1FbEBr.jpg', 5), 
    ('https://image.tmdb.org/t/p/original/15Fe18IglCCP1jJoj5F529on0IA.jpg', 5),
    ('https://image.tmdb.org/t/p/original/qhb1qOilapbapxWQn9jtRCMwXJF.jpg', 6), 
    ('https://image.tmdb.org/t/p/original/bmlkLCjrIWnnZzdAQ4uNPG9JFdj.jpg', 6), 
    ('https://image.tmdb.org/t/p/original/qjhahNLSZ705B5JP92YMEYPocPz.jpg', 7), 
    ('https://image.tmdb.org/t/p/original/1jITxVJhkiFJuQuj8NcPLmDNtJg.jpg', 7), 
    ('https://image.tmdb.org/t/p/original/pGPUXyhQTOqskKdDOD3Fmicqfc0.jpg', 8), 
    ('https://image.tmdb.org/t/p/original/1pFSJ9lxMYLkgLS5gmnwm1AEiqx.jpg', 8),
    ('https://image.tmdb.org/t/p/original/8Gxv8gSFCU0XGDykEGv7zR1n2ua.jpg', 9), 
    ('https://image.tmdb.org/t/p/original/fm6KqXpk3M2HVveHwCrBSSBaO0V.jpg', 9), 
    ('https://image.tmdb.org/t/p/original/f5f3TEVst1nHHyqgn7Z3tlwnBIH.jpg', 10), 
    ('https://image.tmdb.org/t/p/original/ktHEdqmMWC1wdfPRMRCTZe2OISL.jpg', 10), 
    ('https://image.tmdb.org/t/p/original/dB6Krk806zeqd0YNp2ngQ9zXteH.jpg', 11), 
    ('https://image.tmdb.org/t/p/original/1X7vow16X7CnCoexXh4H4F2yDJv.jpg', 11), 
    ('https://image.tmdb.org/t/p/original/7Bd4EUOqQDKZXA6Od5gkfzRNb0.jpg', 12), 
    ('https://image.tmdb.org/t/p/original/zIYROrkHJPYB3VTiW1L9QVgaQO.jpg', 12), 
    ('https://image.tmdb.org/t/p/original/bkpPTZUdq31UGDovmszsg2CchiI.jpg', 13), 
    ('https://image.tmdb.org/t/p/original/k1KrbaCMACQiq7EA0Yhw3bdzMv7.jpg', 13), 
    ('https://image.tmdb.org/t/p/original/exNtEY8QUuQh9e23wSQjkPxKIU3.jpg', 14), 
    ('https://image.tmdb.org/t/p/original/9jPoyxjiEYPylUIMI3Ntixf8z3M.jpg', 14), 
    ('https://image.tmdb.org/t/p/original/fiVW06jE7z9YnO4trhaMEdclSiC.jpg', 15), 
    ('https://image.tmdb.org/t/p/original/4XM8DUTQb3lhLemJC51Jx4a2EuA.jpg', 15), 
    ('https://image.tmdb.org/t/p/original/fmmRFQtsRrNOpmcfoxVIyE1LxxT.jpg', 16), 
    ('https://image.tmdb.org/t/p/original/vruRG9oFSC2QI3F6vLAsj1ND14S.jpg', 16), 
    ('https://image.tmdb.org/t/p/original/vBZ0qvaRxqEhZwl6LWmruJqWE8Z.jpg', 17), 
    ('https://image.tmdb.org/t/p/original/kjQBrc00fB2RjHZB3PGR4w9ibpz.jpg', 17), 
    ('https://image.tmdb.org/t/p/original/5M3bY1rl9QIQSmrAGPEt9qutj64.jpg', 18), 
    ('https://image.tmdb.org/t/p/original/4mmrgZW9bcgMRFdV1lCcXqCEXEr.jpg', 18), 
    ('https://image.tmdb.org/t/p/original/pD6sL4vntUOXHmuvJPPZAgvyfd9.jpg', 19), 
    ('https://image.tmdb.org/t/p/original/9PqD3wSIjntyJDBzMNuxuKHwpUD.jpg', 19),
    ('https://image.tmdb.org/t/p/original/axrzMJR5VPWYNiW9ArENiMEPTjr.jpg', 20), 
    ('https://image.tmdb.org/t/p/original/jBOyi3ibJbVa1imTCcddPUxTVAV.jpg', 20);

SET FOREIGN_KEY_CHECKS = 1;